,Logistic Regression,Decision Tree,Gradient Boosting,SVM,k-NN
Sample1,0.9016393442622951,0.9344262295081968,0.9344262295081968,0.7213114754098361,0.6557377049180327
Sample2,0.9516129032258065,0.9193548387096774,0.967741935483871,0.7258064516129032,0.7419354838709677
Sample3,0.7868852459016393,0.8524590163934426,0.8852459016393442,0.6557377049180327,0.7049180327868853
Sample4,0.7868852459016393,0.8524590163934426,0.8852459016393442,0.6557377049180327,0.7049180327868853
Sample5,0.9508196721311475,0.9672131147540983,0.9672131147540983,0.639344262295082,0.7540983606557377
